{
  "Overall": {
    "MAE": 0.0006828796889407407,
    "RMSE": 0.006878835884318375,
    "R2": 0.99890045165001,
    "MAPE": 0.14111439085592223
  },
  "BULK CARRIER": {
    "MAE": 7.368979196461154e-05,
    "RMSE": 0.0011314991913834189,
    "R2": 0.9999455684264293,
    "MAPE": 0.035592381692784586,
    "Sample_Count": 6501
  },
  "OPEN HATCH CARGO SHIP": {
    "MAE": 0.00024340738458432577,
    "RMSE": 0.0016676433441683513,
    "R2": 0.999830428859857,
    "MAPE": 0.03761351986581419,
    "Sample_Count": 1004
  },
  "Bulk Carrier": {
    "MAE": 0.00035782954003170647,
    "RMSE": 0.0024780037832911016,
    "R2": 0.9999048205721341,
    "MAPE": 0.11058517485864504,
    "Sample_Count": 1505
  },
  "CHEMICAL/PRODUCTS TANKER": {
    "MAE": 0.0013840010651960165,
    "RMSE": 0.004526491343959244,
    "R2": 0.9997346680877164,
    "MAPE": 0.5764710368166326,
    "Sample_Count": 349
  },
  "General Cargo Ship": {
    "MAE": 0.004547726529847684,
    "RMSE": 0.01875093386686525,
    "R2": 0.9825931405278681,
    "MAPE": 0.6436766595159635,
    "Sample_Count": 105
  },
  "GENERAL CARGO SHIP": {
    "MAE": 0.001152238489204812,
    "RMSE": 0.005002590838664887,
    "R2": 0.9997432807823906,
    "MAPE": 0.4832996388831813,
    "Sample_Count": 206
  },
  "CRUDE OIL TANKER": {
    "MAE": 0.02330653894629169,
    "RMSE": 0.04793474712281832,
    "R2": 0.9654918158351171,
    "MAPE": 2.5309342336234715,
    "Sample_Count": 86
  },
  "Crude Oil Tanker": {
    "MAE": 0.003959644237853305,
    "RMSE": 0.0057437505362694765,
    "R2": 0.9968325227702391,
    "MAPE": 0.35160327791208934,
    "Sample_Count": 16
  },
  "OTHER": {
    "MAE": 0.006572264189370253,
    "RMSE": 0.013496142270833419,
    "R2": 0.9912658567743367,
    "MAPE": 1.5125878353485818,
    "Sample_Count": 29
  }
}